Name,Number,Email,Address,State,Zip
Aaron Simpson,7402071950,aaronqsimpson69@gmail.com,9086 limerick rd,OH,45601
Alvin Williams,3307395114,awilliams5661@gmail.com,1667gaylord ave.,OH,44320
Amelia Squire,5134625487,slmelia67@gmail.com,2537 stanton ave,OH,45206
Anastasia Ondic,7249793678,hemimama08@gmail.com,1144 sharon hogue rd,OH,44438
Angela Strozier,3307394086,strozierangela38@gmail.com,76 whitman ln/briarfield. ashley circle. 205,OH,44515
Angie Brown,7407270961,angiebrown906@gmail.com,1412 13th,OH,45663
Anita Brasmon,2166993048,brasmona@gmail.com,"4780heneryst, 204",OH,44125
Anthony Clayborne,5134868841,antclay57@gmail.com,7310forest ave #3,OH,45231
Barbara Ransom,6142862278,blaneok66@gmail.com,1285 seymour ave,OH,43206
Beatrice Simmons,4074120286,beatricesimmons050@gmail.com,3422 blairmont ave,OH,43614
Beseri I'matta,6146152559,beseriatta6@gmail.com,72 hamilton park a5,OH,43203
Betty Higginbotham,7409935249,bettyjh1958@gmail.com,7589 state route 28,OH,45628
Betty Hoskins,2202679387,bettyhoskins28@gmail.com,1242 crescent drive,OH,45694
Betty Williams,2164007259,bettywilliams71462@gmail.com,8920 carnegie ave. 814,OH,44106
Bobbie Goins,2166326839,goinsbobbie3@yahoo.com,14412 granger rd,OH,44137
Bonnie Gehring,3302688261,baileybird50@yahoo.com,154 bender st ne,OH,44662
Carlton Epps,2165410543,carltonepps1957@gmail.com,1300 superior ave,OH,44114
Carmen Agosto,2163013323,carmen_agosto@icloud.com,4183 west 130st.,OH,44111
Carol Thomas,7407108535,carolgay81@gmail.com,406claude ave,OH,45065
Catherine Stewart,3303297374,stewartcatherine54@gmail.com,2582 kilgore  st,OH,44314
Catriona Mcarthur,3305928839,catriona.mcarthur12@gmail.com,2151 cooledge ave,OH,44305
Charles Thorpe,9377943401,charlesthorpe420@gmail.com,4237 freudenberger ave,OH,45417
Charles Winphrie,3305199301,crwinphrie@gmail.com,2132 rush,OH,44502
Charolette Ault,3048124520,charoletteault71@gmail.com,300 clagg st,OH,45769
Cheryl Porter,7402977638,starberrysweetcake@gmail.com,1327 ridge ave,OH,43701
Connie Spillman,7402220077,ladybluecharger@gmail.com,1001 lewis st apt 37,OH,43160
Constance ann Jones,5135578143,moesgal1985@gmail.com,6100 prentice street,OH,45227
Craig Clark,5136598311,chclark62@hotmail.com,125 zinn pl to apt 1,OH,45233
Cranston Williams,6155682239,cranston_williams@yahoo.com,2953 sussex st se,OH,44484
Daniel Mccain,7404181863,danw7338@gmail.com,119    half                   morton st,OH,45640
Daniel Mckinney,2164155737,dannymckinney@roadrunner.com,9710 robinson ave,OH,44125
David Elliott,3302258952,delliott@mail.ohio.net,1652 wiltshire drive,OH,44212
David Houts,5673199063,davidhouts88@gmail.com,1100yers rd apt 21,OH,45822
David Koonts,7407553967,davidkoonts1959@gmail.com,2220fallsburg rd ne,OH,43055
Deb Filarski,7406888045,coope1234@aol.com,1100 stae route 279,OH,45640
Deb Leson,3302211298,deborah_leson@yahoo.comi,80 pinehurst,OH,44262
Deborah t Jones,2163899287,dtj1119@gmail.com,1615 e 84th st,OH,44103
Debra Bruno,4408504563,brunodebra0370@gmail.com,2217 eastlawn st.,OH,44052
Dee Bucher,9373133343,deebucher1224@gmail.com,2516 hazelwood ave,OH,45419
Deen Madison,6148042287,madison27@gmail.com,5400 morse road,OH,43229
Deloris Bistransin,3305687664,deebistransin523@gmail.com,511 north ave,OH,44420
Deloris Campbell,4194092006,dcmamagator@gmail.com,50 gibson ave,OH,44907
Denise Ramsey,6149028982,msdeeramsey50@yahoo.com,540 south hamilton road,OH,43213
Diana Strausbaugh,7406377199,turdbird5543@gmail.com,184 goodale dr,OH,45601
Diane Abrams,6149029794,dianeabrams57@gmail.com,P.o. box 23206,OH,43223
Dolores Marmol,6146235969,marmoldolores5@gmail.com,139 rosebrook ct,OH,43068
Donna Fair,2167808010,donnafair1959@gmail.com,12506 leeila ave,OH,44135
Dorsey Houston,2162002961,dorhou737@gmail.com,1541 e 191st st apt 505,OH,44117
Edward Conrad,5135999004,edwardconrad61@gmail.com,5430 casual ct,OH,45238
Eugene Borders,9373606238,borderseugene306@gmail.com,58 s.madison,OH,43140
Gino Gabel,4403179981,gabelgino@gmail.com,278 claremont road,OH,44089
Glen Dehart,2166501303,dehartglen66@gmail.com,13618 benwood avenue,OH,44105
Glenda Bedinghaus,5136025437,gbedingh@yahoo.com,2340 thrush ave,OH,45014
Glenn Long,2342350534,longglenn1252@gmail.com,64 larry lane,OH,44410
Glenn Verasso,7404045141,benverasso@gmail.com,107 s 1st st,OH,43058
Gordon Newell,2072149897,gordonhnewell7@gmail.com,820 hunter rd,OH,4649
Greg Mohr,9377277870,gregmohr1962@gmail.com,5050 germantown  pike,OH,45417
Hazel Shaw,7402942370,hazel.ms353@yahoo.com,1879 s. lawn ave.,OH,43812
Jacelyn Everhart,3305094524,jackieeverhart539@gmail.com,577 w harvey st,OH,44471
Jackie Hoercher,9542748267,jackiesubway200@yahoo.com,5533  maplegrove street,OH,44641
Jackie Horner,4198344263,jackie.horner1@icloud.com,4947ridgeton rd,OH,44820
Jane Grogean,9377268569,jane.grogean@gmail.com,1631 kelch rd,OH,45363
Jane Mullowney,7864943234,monitortech4@aol.com,378 naiche ct.,OH,43232
Jeanette Baker,6164774171,jeanettesbkr@gmail.com,18331 ferncliffe ave,OH,44135
Jennifer Beck,5672321460,jenhhr@gmail.com,311 n main st,OH,44849
Jerome Tarver,5136231534,ullman1739@gmail.com,290 irwin place,OH,45229
Jerry Moore,5673770904,mrjmoore67@gmail.com,2255 west laskey rd apt 6,OH,43613
Jodi Smith,5135372938,petsittingbyjodi56@gmail.com,1171 alwil dr,OH,45215
Joe Pollard,2165380184,pollardjoseph96@gmail.com,10602 grandview ave,OH,44104
John Coda,5135963427,john.coda1963@gmail.com,"3256dixie highway, 182",OH,45013
Johnny Delong,7404085154,johnnydelong008@gmail.com,"3444 moxahala park rd, lot 28",OH,43701
Joycelynn Moree,4197096210,jcmoree7@aol.com,999 landings ct,OH,44906
Judianne Taschwer,3302572159,jtaschwer47@gmail.com,154 w perry st,OH,44601
Judith Bell,9376817163,judybell5522@gmail.com,2225 sidneywood dr apt e,OH,45449
Karen Oslanzi,7404075420,oslanzik@gmail.com,725 e 6th ave,OH,43130
Karrington Daniel,2169710812,tkdaniel1965@gmail.com,1617 woodland ave,OH,43607
Katherine Battin,3303276137,katherinebattin85@gmail.com,1041 oakwood ave ne,OH,44646
Kathleen Smith,3302483658,kathleenjoysmith264@gmail.com,264 north ellsworth ave apt 1,OH,44460
Kathryn r Stewart,4408120158,katric37@gmail.com,2812 avon blvd.,OH,44004
Kelly Floyd,3046337846,kellyspecials@gmail.com,298 private drive 2555,OH,45669
Kim Johnson,5136780778,kmarie1958827@gmail.com,232grigg avenue,OH,45207
Kimberly Hoskin,4407199911,kimberlyhoskin1@gmail.com,26241 lake shore blvd,OH,44132
Lacinda Walker,6149403980,lacindaw650@gmail.com,52 n. huron ave,OH,43204
Laura Massey,4402231382,lauramassey43@gmail.com,38506 n bay dr,OH,44094
Lee Saum,5672086865,leelandsaum@gmail.com,2901 greenacre dr,OH,45840
Leonard Lunsford,5136786041,leonard.lunsford36632@gmail.com,66.  justin. pl,OH,45013
Linda Givens,6144004765,pankygiv64@yahoo.com,7821 club ridge road,OH,43081
Linda l Hambly,4409885000,llhambly@gmail.com,809 lincoln street,OH,44001
Linda Scott,8105770995,lindascott1207@gmail.com,3816 elmhurst rd,OH,43613
Lisa Bruno,2169710812,lisabruno069@gmail.com,15313 turney rd,OH,44137
Loretta Hodge,7405995997,lorettahodge1313@gmail.com,3955 clabber rd,OH,43207
Lorie Askew,2166099300,askewlorie2@gmail.com,3900 e 186th st,OH,44122
Louis Sutton sr,4193469071,louissuttonsr33@gmail.com,3525 sherbrooke rd,OH,43613
Lucretia Goodwin,6145979323,lucretiagoodwin22@gmail.com,309 north champion ave,OH,43203
Marcella Trask,3302199127,marcellacreque7@gmail.com,180 north river rd lot 18,OH,44483
Marcia Zimmerman,5137206674,marcy2cats@gmail.com,1381 w ohio pike apt 1g,OH,45102
Margaret Spencer,2162377784,cesmes1973@gmail.com,11825 erwin ave,OH,44135
Marilu Cortez,2343573991,marycortez319@gmail.com,981 compass west dr.apt.1,OH,44515
Mario Guerrero,4198200688,marioag564@gmail.com,2605 consaul street,OH,43605
Marsha Jimmerson,2832232659,mjimmerson51@gmail.com,1019 seton ave,OH,45205
Marsha Martin,5135315670,radar127@aol.com,6316 tyne ave,OH,45213
Mary Pulford,4192044397,marypulford1@gmail.com,15097 old st rte 12,OH,45833
Mary Ruebusch,5135081572,jodiruebusch@icloud.com,2776 river rd,OH,45015
Mary Snack,7402217183,snackmary0@gmail.com,456 schaum ave,OH,43701
Michael Gordon,2163349136,gordonmichael2525@gmail.com,13900 bennett rd rm311,OH,44133
Michael Strimbu,4403080611,bu375142@gmail.com,3728 w. 104th st,OH,44111
Michael Yurkowski,9377270411,rock6081@gmail.com,118 s. old mill rd. apt. 303,OH,45322
Michelle Byrd,4404741720,mcbyrd1130@gmail.com,2854 sterling rd,OH,44052
Milagros Cuevas,2162246153,ciscolives7@gmail.com,6715 laverne,OH,44129
Milagros Mooney,4196125783,lindamooney917@gmail.com,170 cleveland street,OH,44822
Missdebbie Shultz,4403901406,shultzdebbie999@gmail.com,3019 natchez avenue,OH,44109
Nancy King,3302212258,kingnanna13@gmail.com,"1341 e highland ave unit 2, unit 2",OH,44266
Nancy Owens,5132552916,nancylowens915@gmail.com,7243 creekview dr #2,OH,45247
Noreen Six,7407649666,noreensix1@gmail.com,521 baker st,OH,43701
Otis Mardres,4342656452,oamardres@gmail.com,128 e perry st,OH,44601
Pamela Ellison,5134790235,ellisonpam68@gmail.com,1520 glenwood avenue,OH,45044
Pat Ratliff,2703086623,patratliff@gmail.com,2170 rushmore ln,OH,43074
Patricia Vance,3088504043,vancepatty065@gmail.com,1738 la croft ave,OH,43920
Penny Litman,7403014834,pslbusiness3@gmail.com,2616 lincoln pike,OH,45631
Quintin Hughes,4192044487,hughesquintin521@gmail.com,233 napoleon road,OH,45850
Rafiah Saleem,2169720434,1rafiahs@gmail.com,5898 lee road south. apt 1ยน0,OH,44137
Randy Porcher,6142075405,randyporcher813@gmail.com,861 s brinker ave,OH,43204
Raymond Sword,9373609134,swordraymond@gmail.com,2727 cleve ave,OH,45505
Robert Burgin,8593088494,rburgin63@gmail.com,3304 colerain avr,OH,42553
Robin Skvarek,4408138701,robinls5512@gmail.com,2806 east water street,OH,44084
Rochelle Henderson,2165124044,rochellehenderson027@gmail.com,20859ellicottpsrkway apts,OH,44128
Rod Keller,4192302856,rodkellerusmc@icloud.com,3773 sunnydale st,OH,45807
Roger Roach,7403076793,roachroger11@gmail.com,3410cord37,OH,45678
Russell Gardner,5672416737,66allyear@gmail.com,602 n  thoman  st.,OH,44827
Russelle Fitzgerald,5134000540,russellefitzgerald263@gmail.com,1870 sunset ave apt 28,OH,45238
Sadiann Delsignore,3303660024,sadiann1252@gmail.com,10693. rapp rd,OH,44442
Sally Leeper,5672088548,leepersally542@gmail.com,2901 greenacre dr.     4b,OH,45840
Sean Byrne,4408211686,seanbyrne1294@gmail.com,4035 e lake rd,OH,44054
Sharon Devoll,7408999167,devollsharon82@gmail.com,400 washington apartment 415,OH,43055
Sheri Defreeze,2165122000,sheri.defreeze05@gmail.com,4045 township parkway,OH,44122
Stacy Foremam,2162469847,sstacy6570@icloud.com,"2199 1/2 lee road, suite10",OH,44118
Stanley Marley,7404157449,stanleymarley59@gmail.com,1874 pleasantville rd #a,OH,43130
Susan Lowenstein,9377797052,susan.ets1956@gmail.com,47fugate road,OH,45660
Sylvia Fugate,2163966457,sylviafugate54@yahoo.com,27228 emerald oval north,OH,44138
Tammy Crawford,3304796653,crawfordtammy88@gmail.com,1021 5th st nw,OH,44703
Tammy Wilder,4197896761,tammywilder97@gmail.com,733 n water st apt b,OH,45879
Teresa Osborne,7403072926,oh_tlc1@yahoo.com,3026 s 6th street,OH,45638
Terry Johnson,2342774397,mrfixithandiman65@gmail.com,7000 sr 88 rm 36,OH,44266
Thomas Henneberry,2404614196,tom.henneberry@gmail.com,7260 greengrove pl,OH,43065
Timothy Price,4192031170,timprice062@gmail.com,18800 bebb st,OH,45894
Tina Lefker,5134994248,tinalefker420420@gmail.com,2216 harrison ave apt 2,OH,45211
Tod Thorne,3305090160,tathorne88@gmail.com,3470 south wendover circle,OH,44511
Tom Stigler,7406837135,tomstigler@yahoo.com,323 lincoln way,OH,44432
Toni Egler,2162427671,toniegler084@gmail.com,1034 east 72nd street,OH,44103
Valla Allen,6145467274,vallaallen5@gmail.com,1822 weiler ave,OH,43207
Vanessa Harris,2165125081,pattersonvanessa942@gmail.com,1504 e 256st,OH,44132
Virgil Kirkpatrick,3302065418,vck255@gmail.com,611 overlook dr,OH,44601
Virginia Calvert,2037708002,ginstarc@gmail.com,8169 heritsge dr,OH,45810
Walter Morehead,3306100193,bettymorehead613@gmail.com,6333 spring stmm,OH,44266
Wanda Cassady,7406566097,cassadyw@yahoo.com,1207 broadway st,OH,45504
William wright Wright,2163279626,wright8scott@gmail.com,", 1349 east 348th eastlake ohio, , ,",OH,44095
